ratio,cent_y,cent_x,eccentricity,solidity,skew_x,skew_y,kurt_x,kurt_y,output
0.22397062680304222,0.44744959159193465,0.5262899448515524,0.9281254420115259,0.30565497494631355,-0.4296215017644868,0.3932190587799671,-0.5716081271397329,-0.4439263281401371,1
0.22231337161607875,0.4485199743301781,0.54674336837708,0.9428134823414536,0.29577080491132335,-0.3216152900899148,0.4573247610237728,-0.9655055484271311,-0.6220073615104487,1
0.2394303515798843,0.4719640644361834,0.5409877358162805,0.9491165216032922,0.32205926369350496,-0.2053711493012211,0.43236306688492804,-0.8982465303441951,-0.6861134251445145,1
0.09933574879227053,0.5706330737082067,0.4909181680689544,0.9816963078341433,0.12325559614123817,0.08552922372839097,-0.9610822874711801,-1.418732235784094,0.3896480572890715,0
0.12832405689548546,0.6080976969100893,0.4761145592470894,0.9857220524873052,0.1513493800145879,0.144320528414488,-0.9512839065169726,-1.4191055951070066,0.2685917832175986,0
0.08552631578947369,0.6023129251700681,0.49762226078015553,0.9825416217306884,0.11806937116166422,0.04211379104139582,-0.8508668752953844,-1.4172202904418654,0.10563422946459378,0
